{
  "project_info": {
    "project_number": "882509963981",
    "project_id": "firebase-reservation-app"
  },
  "client": [
    {
      "client_info": {
        "mobilesdk_app_id": "1:882509963981:android:d247aca0fc863b4a",
        "android_client_info": {
          "package_name": "app.adie.reservation"
        }
      },
      "oauth_client": [
        {
          "client_id": "882509963981-dtoujutf16bcmj9oovge68unao9ih715.apps.googleusercontent.com",
          "client_type": 1,
          "android_info": {
            "package_name": "app.adie.reservation",
            "certificate_hash": "00381D6B592EE19D8813202DC18E71FE60AB9615"
          }
        },
        {
          "client_id": "882509963981-shdmu8ke16523vghqc0ifoeg59ti482e.apps.googleusercontent.com",
          "client_type": 3
        }
      ],
      "api_key": [
        {
          "current_key": "AIzaSyCXKqkxJbr4xlC1S5g1GU6a6DuIY_uneEI"
        }
      ],
      "services": {
        "analytics_service": {
          "status": 1
        },
        "appinvite_service": {
          "status": 1,
          "other_platform_oauth_client": []
        },
        "ads_service": {
          "status": 1
        }
      }
    }
  ],
  "configuration_version": "1"
}